campaign_key,campaign_name,objective
1,Upgradable 5thgeneration installation Campaign,Engagement
2,Cross-platform full-range framework Push,Branding
3,Fundamental intangible task-force Campaign,Product Launch
4,Assimilated contextually-based hub Campaign,Retention
5,Re-contextualized composite Local Area Network Initiative,Upsell
6,User-centric 5thgeneration knowledgebase Launch,Product Launch
7,Distributed eco-centric info-mediaries Blitz,Retention
8,Focused motivating orchestration Blitz,Awareness
9,Self-enabling solution-oriented analyzer Launch,Branding
10,User-centric attitude-oriented analyzer Initiative,Upsell
11,Switchable didactic time-frame Drive,Engagement
12,Networked 24/7 open architecture Campaign,Product Launch
13,Automated tangible neural-net Blitz,Upsell
14,Optimized maximized concept Drive,Branding
15,Virtual hybrid Internet solution Push,Upsell
16,Intuitive dynamic utilization Campaign,Product Launch
17,Balanced leadingedge capacity Initiative,Lead Gen
18,Cross-group attitude-oriented infrastructure Push,Upsell
19,Multi-lateral user-facing model Campaign,Engagement
20,Optimized needs-based customer loyalty Push,Upsell
21,Automated intermediate project Campaign,Upsell
22,Universal human-resource attitude Push,Branding
23,Business-focused regional projection Blitz,Lead Gen
24,Multi-channeled radical support Launch,Retention
25,User-friendly clear-thinking migration Initiative,Lead Gen
26,Polarized value-added matrix Campaign,Engagement
27,Team-oriented analyzing frame Campaign,Awareness
28,Seamless intermediate website Launch,Product Launch
29,Distributed didactic extranet Campaign,Awareness
30,Organized multimedia interface Campaign,Branding
31,Universal system-worthy paradigm Initiative,Engagement
32,Face-to-face well-modulated support Drive,Retention
33,Ameliorated optimizing access Initiative,Product Launch
34,Inverse global framework Blitz,Product Launch
35,Enhanced 5thgeneration support Blitz,Engagement
36,Enterprise-wide systemic structure Push,Lead Gen
37,Function-based tangible migration Blitz,Engagement
38,Open-source multi-tasking workforce Initiative,Lead Gen
39,Visionary scalable archive Campaign,Lead Gen
40,Reduced 6thgeneration moratorium Push,Lead Gen
41,Synergistic non-volatile architecture Drive,Product Launch
42,Grass-roots maximized Local Area Network Blitz,Lead Gen
43,Pre-emptive empowering encryption Initiative,Upsell
44,Pre-emptive hybrid collaboration Blitz,Branding
45,Versatile empowering analyzer Push,Engagement
46,Function-based methodical product Launch,Product Launch
47,Exclusive hybrid collaboration Blitz,Upsell
48,Synergized fault-tolerant migration Drive,Upsell
49,Reverse-engineered composite middleware Push,Engagement
50,Compatible contextually-based website Launch,Retention
51,Innovative well-modulated interface Launch,Upsell
52,Optional responsive hierarchy Blitz,Awareness
53,Realigned 24/7 knowledge user Launch,Awareness
54,Ameliorated interactive Graphical User Interface Launch,Lead Gen
55,Switchable systemic budgetary management Initiative,Lead Gen
56,Enhanced coherent hierarchy Launch,Lead Gen
57,Reactive background task-force Blitz,Upsell
58,Quality-focused background policy Campaign,Upsell
59,Stand-alone real-time Local Area Network Campaign,Upsell
60,Synergistic user-facing pricing structure Campaign,Branding
61,Integrated coherent emulation Drive,Upsell
62,Versatile intangible infrastructure Push,Awareness
63,Multi-channeled bandwidth-monitored ability Push,Retention
64,Versatile static middleware Campaign,Upsell
65,Mandatory holistic data-warehouse Blitz,Awareness
66,Enhanced disintermediate utilization Push,Awareness
67,Profit-focused holistic framework Campaign,Lead Gen
68,Proactive contextually-based structure Launch,Lead Gen
69,Inverse multi-tasking superstructure Initiative,Branding
70,Synergistic mission-critical system engine Blitz,Awareness
71,Down-sized empowering algorithm Initiative,Product Launch
72,Re-contextualized demand-driven artificial intelligence Campaign,Engagement
73,Ergonomic analyzing project Campaign,Lead Gen
74,Reactive upward-trending Internet solution Campaign,Product Launch
75,Configurable dedicated portal Initiative,Product Launch
76,Customizable heuristic portal Campaign,Retention
77,Polarized cohesive hierarchy Initiative,Engagement
78,Cross-platform real-time strategy Campaign,Upsell
79,Vision-oriented client-server structure Initiative,Upsell
80,Ergonomic coherent core Drive,Branding
81,Expanded executive ability Push,Engagement
82,Seamless global instruction set Initiative,Product Launch
83,Seamless multi-tasking process improvement Blitz,Product Launch
84,Self-enabling cohesive projection Push,Branding
85,Public-key disintermediate toolset Launch,Awareness
86,Re-contextualized didactic knowledge user Push,Branding
87,Polarized dedicated data-warehouse Initiative,Branding
88,Implemented heuristic software Blitz,Product Launch
89,Public-key asymmetric matrix Push,Lead Gen
90,Devolved modular archive Push,Branding
91,Intuitive motivating open architecture Campaign,Product Launch
92,Innovative analyzing groupware Blitz,Branding
93,Profit-focused asynchronous help-desk Launch,Branding
94,Expanded bi-directional moratorium Drive,Product Launch
95,Cloned asynchronous toolset Launch,Branding
96,Decentralized analyzing instruction set Launch,Upsell
97,Fully-configurable exuding complexity Drive,Retention
98,Realigned dynamic pricing structure Drive,Engagement
99,Synergistic national encoding Blitz,Engagement
100,Upgradable neutral open architecture Campaign,Lead Gen
