sales_rep_key,rep_name,hire_date
1,Grant Frey,2018-02-24
2,Elizabeth George,2020-08-08
3,Olivia Mcdaniel,2020-05-30
4,James Barrett,2015-09-20
5,Michelle Beard,2015-05-07
6,Bryan Brennan,2021-07-03
7,Alexander Conrad,2020-05-16
8,Joshua Petersen,2015-05-15
9,Noah Bray,2017-08-15
10,Yvonne Jones,2018-02-01
11,Thomas West,2019-03-12
12,Lisa Washington,2019-01-27
13,Connie Smith,2019-02-02
14,Danny Lucas,2018-03-15
15,Jill Duncan,2021-11-02
16,Katrina Fletcher,2018-11-18
17,Darrell Hickman III,2019-01-27
18,Paula Martinez,2023-09-03
19,Tyler Wolfe,2023-06-18
20,Kimberly Ellis,2021-04-18
21,Mary Nelson,2016-06-24
22,Sandra Harris,2015-10-19
23,Rachel Powell,2015-05-20
24,Jill Espinoza,2019-05-26
25,Cassandra Johnson DDS,2017-12-18
26,Jasmine Shields,2021-06-09
27,Ruben Howe,2018-01-09
28,Tyler Schultz,2023-02-21
29,Melanie Fields,2020-03-26
30,Whitney Mcdowell,2016-05-25
31,Timothy Manning,2019-08-04
32,Alexis Woods,2023-12-15
33,Dr. Greg Patel DDS,2023-06-19
34,Helen Thompson,2016-01-16
35,Robert Wallace,2022-04-23
36,Andrew Wolfe,2015-05-08
37,Jeffrey Castro,2020-10-20
38,Nicole Crane,2021-04-05
39,Heather Dawson,2016-03-17
40,Fernando Braun,2021-06-26
41,Stephen Smith,2023-04-10
42,Holly Carroll,2016-03-17
43,Sandra Nunez,2020-08-08
44,Jennifer Rodgers,2015-11-08
45,Aaron Leonard,2022-04-15
46,Monica Green,2019-05-24
47,Lisa Sanchez,2015-10-31
48,Michelle Sanders,2015-08-13
49,Tyler Chandler,2018-01-06
50,Rhonda Moody,2018-05-04
51,Joseph Berger,2020-09-16
52,Matthew Mayer,2018-10-10
53,Diane Griffin,2020-10-30
54,Emily Harmon,2019-08-31
55,Elizabeth Moore,2018-03-13
56,Kevin Thomas,2019-10-26
57,Albert Guerrero,2020-06-20
58,Judy Richardson,2022-01-19
59,Kevin Pittman,2015-12-12
60,Maria Jones,2023-06-26
61,Tiffany Dunn,2018-04-15
62,Robin Ballard,2017-09-23
63,Jose Velasquez,2020-04-28
64,Joseph Vazquez,2016-03-31
65,Brandon Ryan,2021-08-04
66,Sheila Larsen,2017-12-22
67,Michael Wilcox,2020-05-27
68,Danny Hayes,2016-06-19
69,Sandra Myers,2020-02-01
70,Crystal Booth,2022-03-01
71,Michael Orr,2017-10-08
72,Joseph Martinez,2021-05-19
73,Shawn Jennings,2016-11-03
74,Heather Baker,2021-10-17
75,John Hunter,2021-05-09
76,Charles Scott,2020-11-09
77,Terri Lopez,2015-05-12
78,Martin Johnson,2020-03-21
79,Joshua Mccarty,2021-06-29
80,Dwayne Jackson,2023-07-24
81,Eric Greene,2023-07-20
82,Thomas Jennings,2017-03-27
83,Megan Patterson,2021-12-18
84,Brandon Brewer,2022-05-23
85,Victoria Marks,2023-12-10
86,Raymond Rodriguez,2017-05-22
87,Natasha Lewis,2016-10-19
88,Rebecca Fox,2019-09-24
89,Rodney Hoffman,2022-12-01
90,Brandon Barnes,2023-11-29
91,John Contreras,2022-08-14
92,Kurt Barton,2019-06-22
93,Ryan Newman,2018-10-12
94,Dwayne Wood,2023-02-06
95,Linda Mcpherson,2015-08-02
96,Susan Rivera,2021-06-11
97,Christopher Bradley,2022-04-12
98,Pamela Mendez,2015-10-15
99,Jonathon Collins,2016-06-26
100,Stephanie Jones,2023-05-07
101,Joe Hayes,2023-01-10
102,James Jones,2016-07-10
103,Kelly Gregory,2018-10-15
104,Rachel Hodge,2015-06-23
105,Erik Johnson,2016-12-06
106,Bradley Moore,2015-12-16
107,Alicia Werner,2015-12-22
108,Suzanne Morse,2022-03-19
109,Andrea Ruiz,2020-07-05
110,Evan Diaz,2018-07-18
111,Jonathan Oneal,2015-08-15
112,Zachary Garcia,2015-11-03
113,Alexis Moore,2021-01-24
114,Daniel Lozano,2018-08-06
115,Benjamin Sawyer,2016-01-07
116,Tiffany Howard,2023-11-09
117,Michael Schultz,2016-06-28
118,Susan Martinez,2021-07-30
119,Mr. David Waters,2016-02-19
120,Deanna Carlson,2023-03-20
121,Jeffrey Knox,2018-06-26
122,Jennifer Williams,2023-08-14
123,Kevin Hansen,2019-03-30
124,Troy Norris,2021-07-19
125,Wendy Henry,2018-04-15
126,Kathy Bullock,2015-10-03
127,Mrs. Brittany Nguyen,2023-11-08
128,Christopher Smith,2022-10-19
129,Matthew Clark,2016-02-05
130,Darryl Ward,2022-04-18
131,Brittany Allen,2021-03-29
132,Kevin Fitzgerald,2022-02-11
133,Desiree Heath,2015-09-19
134,Christina Campbell,2017-10-30
135,Faith Stewart,2016-09-26
136,Eric Lyons,2022-06-29
137,Jennifer Hatfield,2015-05-03
138,Samantha Williams,2021-03-14
139,David Allen,2020-01-31
140,Ryan Gomez,2016-12-16
141,Bruce Sanders,2017-12-23
142,Jennifer Young,2023-03-09
143,Angela Holder,2019-03-19
144,Eric Hutchinson,2022-08-14
145,Jeffrey Snow,2015-07-15
146,Michael Daniels,2015-10-31
147,Carol Williams,2018-07-01
148,Alyssa Nguyen,2017-09-07
149,Brian Williams,2022-11-04
150,Nathaniel Tyler,2019-09-28
151,Elizabeth Johnson,2018-11-07
152,Shannon Mitchell,2021-11-04
153,Kimberly Oneal,2021-07-13
154,Jennifer Pitts DDS,2020-02-24
155,Blake Wright,2016-04-01
156,Robert Roberts,2021-07-03
157,Wesley Phillips,2021-11-01
158,Shawn Johnson,2016-04-05
159,Steven Miller,2023-12-27
160,Jamie Reese,2021-04-09
161,Amanda Lucero,2021-01-01
162,Samantha Rhodes,2023-11-23
163,Christine Wu,2016-03-08
164,Lisa Caldwell,2018-06-17
165,Jenny Martinez,2022-09-17
166,Courtney Wood,2019-08-01
167,Denise Fuentes,2016-02-23
168,Michelle Jenkins,2023-06-25
169,Brooke Martin,2015-12-18
170,Patrick Harris,2023-03-15
171,Martha Werner,2017-01-20
172,Dylan Rodriguez,2022-08-12
173,Crystal Patterson,2021-11-05
174,Caroline Nelson,2021-04-23
175,Robin Meadows,2022-07-26
176,Margaret Garcia,2023-09-24
177,Holly Fernandez,2016-08-31
178,Jeremy Obrien,2018-06-20
179,Brian Johnson,2016-07-16
180,Mark Wood,2017-10-23
181,Catherine Edwards,2022-04-27
182,Christopher Thompson,2015-11-09
183,Nicole Allen,2021-06-23
184,Lawrence Smith,2016-12-03
185,Alexander Gardner,2020-07-25
186,Shane Lester,2022-02-05
187,Dr. Laura Jordan,2020-09-09
188,Anna Cohen,2022-08-28
189,Mrs. Tracy Collins,2018-07-31
190,Adrienne Villegas,2023-12-20
191,Collin Burgess,2021-07-13
192,Justin Anderson,2015-11-29
193,Jason Church,2015-11-05
194,Mr. Aaron Robinson,2022-01-10
195,Jason Wilson,2018-09-03
196,Katie Knight,2018-03-11
197,Bradley Thomas,2019-05-01
198,William Martin,2020-12-13
199,Samantha King,2018-08-26
200,Robert Walker,2022-06-15
